residues,% conservation,associated sequences
ICHP,19.18,"['hOR1G1', 'hOR2AG1', 'hOR2AE1', 'hOR7D4', 'hOR10A3', 'hOR10A6', 'hOR10R2', 'hOR10T2', 'hOR6B2', 'hOR6B3', 'hOR8A1', 'hOR5K4', 'hOR1C1', 'hOR1F12', 'hOR1J1', 'hOR1J2', 'hOR1J4', 'hOR1M1', 'hOR1N1', 'hOR1S1', 'hOR1S2', 'hOR7A10', 'hOR7A17', 'hOR7A5', 'hOR7G1', 'hOR7G2', 'hOR7G3', 'hOR7E24', 'hOR1Q1', 'hOR13A1', 'hOR2A1', 'hOR2A42', 'hOR2A5', 'hOR2A12', 'hOR2A14', 'hOR2A2', 'hOR2A25', 'hOR2A4', 'hOR2A7', 'hOR10H1', 'hOR10H5', 'hOR10H2', 'hOR10H3', 'hOR10H4', 'hOR10Q1', 'hOR10V1', 'hOR10W1', 'hOR11H4', 'hOR6S1', 'hOR6V1', 'hOR2AJ1', 'hOR2AK2', 'hOR2M2', 'hOR2M3', 'hOR2M5', 'hOR2M7', 'hOR2M4', 'hOR2T10', 'hOR2T29', 'hOR2T5', 'hOR2T4', 'hOR2AG2', 'hOR2AT4', 'hOR14I1', 'hOR51G2', 'hOR51L1', 'hOR51M1', 'hOR51D1', 'hOR51E1', 'hOR51E2', 'hOR52L1', 'hOR56A1', 'hOR56A4', 'hOR56A3', 'hOR56B1']"
ICNP,17.65,"['hOR10J3', 'hOR52D1', 'hOR10A7', 'hOR10K1', 'hOR10K2', 'hOR5V1', 'hOR2D2', 'hOR6Y1', 'hOR8I2', 'hOR5A2', 'hOR5AN1', 'hOR5I1', 'hOR5AS1', 'hOR5AU1', 'hOR9G4', 'hOR8U1', 'hOR8U8', 'hOR8U9', 'hOR8K3', 'hOR8K5', 'hOR8J1', 'hOR8J3', 'hOR8B12', 'hOR8B8', 'hOR8B2', 'hOR8B3', 'hOR8B4', 'hOR5M8', 'hOR5D14', 'hOR5D16', 'hOR5D18', 'hOR5L1', 'hOR5L2', 'hOR9K2', 'hOR5AC2', 'hOR5K1', 'hOR5K2', 'hOR5K3', 'hOR1L1', 'hOR1L3', 'hOR1L4', 'hOR1L6', 'hOR12D3', 'hOR13C2', 'hOR13C5', 'hOR13C9', 'hOR13C3', 'hOR13C4', 'hOR2S2', 'hOR13D1', 'hOR13F1', 'hOR2K2', 'hOR10X1', 'hOR10J1', 'hOR6K3', 'hOR6K6', 'hOR6X1', 'hOR4Q3', 'hOR2T1', 'hOR2T6', 'hOR2T27', 'hOR2T7', 'hOR51T1', 'hOR51B5', 'hOR51V1', 'hOR52E2', 'hOR52E4', 'hOR52E5', 'hOR52M1']"
ICKP,15.86,"['hOR2W1', 'hOR4C16', 'hOR52E6', 'hOR10AG1', 'hOR8K1', 'hOR5AK2', 'hOR5H1', 'hOR5H15', 'hOR5H14', 'hOR5H2', 'hOR10G6', 'hOR12D2', 'hOR2B11', 'hOR2W3', 'hOR2AP1', 'hOR6C4', 'hOR6C1', 'hOR6C3', 'hOR6C6', 'hOR6C70', 'hOR6C65', 'hOR6C76', 'hOR6C75', 'hOR6C74', 'hOR6C2', 'hOR6C68', 'hOR4A15', 'hOR4A5', 'hOR4A47', 'hOR4C12', 'hOR4C13', 'hOR4C46', 'hOR4C15', 'hOR4C3', 'hOR4C45', 'hOR4C5', 'hOR4C6', 'hOR4B1', 'hOR4S2', 'hOR4X1', 'hOR4X2', 'hOR4C11', 'hOR4P4', 'hOR4F15', 'hOR4F6', 'hOR4F17', 'hOR4F4', 'hOR4F5', 'hOR4K1', 'hOR4K13', 'hOR4K14', 'hOR4K15', 'hOR4K5', 'hOR4K17', 'hOR4K2', 'hOR4L1', 'hOR52E8', 'hOR52K1', 'hOR52K2', 'hOR52I1', 'hOR52I2', 'hOR56A5']"
ICRP,6.65,"['hOR6B1', 'hOR5F1', 'hOR5AR1', 'hOR8D2', 'hOR8S1', 'hOR3A1', 'hOR2B2', 'hOR2B6', 'hOR2C3', 'hOR10J5', 'hOR11G2', 'hOR11H1', 'hOR11H12', 'hOR11H2', 'hOR11H6', 'hOR6N1', 'hOR6N2', 'hOR6T1', 'hOR4S1', 'hOR4M1', 'hOR4M2', 'hOR4N2', 'hOR4N4', 'hOR4N5', 'hOR51S1', 'hOR56B4']"
ICSP,4.6,"['hOR10A', 'hOR10A5', 'hOR8H1', 'hOR8H2', 'hOR8H3', 'hOR5R1', 'hOR8D4', 'hOR8D1', 'hOR8G5', 'hOR5M1', 'hOR5M10', 'hOR5P2', 'hOR5P3', 'hOR11L1', 'hOR6K2', 'hOR52H1', 'hOR52B6', 'hOR10A2']"
ICYP,3.84,"['hOR52A1', 'hOR6A2', 'hOR7C2', 'hOR13C8', 'hOR10AD1', 'hOR11A1', 'hOR6F1', 'hOR51I1', 'hOR51F2', 'hOR52A4', 'hOR52B4', 'hOR52N2', 'hOR52N4', 'hOR52N5', 'hOR10D3']"
VCRP,2.56,"['hOR2J2', 'hOR2J3', 'hOR2G6', 'hOR5B21', 'hOR2B3', 'hOR2C1', 'hOR2G2', 'hOR2Y1', 'hOR2T3', 'hOR2T34']"
ICFP,2.3,"['hOR1E1', 'hOR13G1', 'hOR1E2', 'hOR2L2', 'hOR2L5', 'hOR2L3', 'hOR2L8', 'hOR52R1', 'hOR52N1']"
ICQP,2.3,"['hOR3A2', 'hOR10P1', 'hOR1N2', 'hOR3A3', 'hOR10G2', 'hOR10G3', 'hOR10S1', 'hOR13J1', 'hOR14J1']"
VCNP,1.79,"['hOR9A2', 'hOR5B17', 'hOR9A4', 'hOR2T11', 'hOR2T2', 'hOR2T35', 'hOR51G1']"
125,"['I=87.7', 'V=10.2', 'L=1.3', 'T=0.5', 'G=0.3']"
126,"['C=89.3', 'S=5.1', 'R=1.7999999999999998', 'Y=1.0', 'H=0.8', 'A=0.5', 'V=0.5', 'G=0.5', 'W=0.3', 'I=0.3']"
127,"['N=23.3', 'H=22.0', 'K=20.5', 'R=10.2', 'S=5.4', 'Q=4.9', 'Y=4.9', 'D=2.3', 'F=2.3', 'C=2.0', 'A=0.8', 'T=0.5', 'E=0.3', 'G=0.3', 'M=0.3', 'I=0.3']"
128,"['P=98.2', 'S=0.8', 'A=0.5', 'G=0.3', 'R=0.3']"
